 roombooking,dumy_label
3,dumy_label
3,dumy_label
2,dumy_label
0,dumy_label
0,dumy_label
0,dumy_label
1,dumy_label
3,dumy_label
4,dumy_label
1,dumy_label
1,dumy_label
4,dumy_label
0,dumy_label
2,dumy_label
1,dumy_label
0,dumy_label
3,dumy_label
3,dumy_label
1,dumy_label
0,dumy_label
4,dumy_label
5,dumy_label
4,dumy_label
3,dumy_label
5,dumy_label
0,dumy_label
0,dumy_label
0,dumy_label
4,dumy_label
4,dumy_label
1,dumy_label
2,dumy_label
2,dumy_label
1,dumy_label
3,dumy_label
2,dumy_label
3,dumy_label
2,dumy_label
1,dumy_label
4,dumy_label
1,dumy_label
1,dumy_label
3,dumy_label
3,dumy_label
0,dumy_label
5,dumy_label
1,dumy_label
0,dumy_label
0,dumy_label
0,dumy_label
0,dumy_label
0,dumy_label
1,dumy_label
0,dumy_label
1,dumy_label
3,dumy_label
3,dumy_label
4,dumy_label
4,dumy_label
0,dumy_label
1,dumy_label
0,dumy_label
3,dumy_label
0,dumy_label
0,dumy_label
3,dumy_label
4,dumy_label
1,dumy_label
2,dumy_label
5,dumy_label
4,dumy_label
2,dumy_label
2,dumy_label
3,dumy_label
5,dumy_label
5,dumy_label
3,dumy_label
0,dumy_label
1,dumy_label
2,dumy_label
4,dumy_label
1,dumy_label
1,dumy_label
4,dumy_label
1,dumy_label
4,dumy_label
0,dumy_label
3,dumy_label
3,dumy_label
0,dumy_label
0,dumy_label
1,dumy_label
2,dumy_label
0,dumy_label
1,dumy_label
2,dumy_label
0,dumy_label
4,dumy_label
0,dumy_label
0,dumy_label
1,dumy_label
0,dumy_label
2,dumy_label
4,dumy_label
5,dumy_label
4,dumy_label
4,dumy_label
0,dumy_label
5,dumy_label
4,dumy_label
1,dumy_label
0,dumy_label
0,dumy_label
1,dumy_label
4,dumy_label
0,dumy_label
3,dumy_label
2,dumy_label
2,dumy_label
5,dumy_label
1,dumy_label
1,dumy_label
0,dumy_label
5,dumy_label
0,dumy_label
2,dumy_label
3,dumy_label
0,dumy_label
0,dumy_label
0,dumy_label
1,dumy_label
0,dumy_label
1,dumy_label
4,dumy_label
2,dumy_label
1,dumy_label
4,dumy_label
5,dumy_label
2,dumy_label
0,dumy_label
5,dumy_label
0,dumy_label
1,dumy_label
2,dumy_label
1,dumy_label
0,dumy_label
0,dumy_label
0,dumy_label
0,dumy_label
4,dumy_label
1,dumy_label
1,dumy_label
3,dumy_label
0,dumy_label
3,dumy_label
5,dumy_label
2,dumy_label
0,dumy_label
4,dumy_label
0,dumy_label
3,dumy_label
0,dumy_label
5,dumy_label
0,dumy_label
1,dumy_label
2,dumy_label
5,dumy_label
0,dumy_label
1,dumy_label
0,dumy_label
3,dumy_label
1,dumy_label
0,dumy_label
1,dumy_label
4,dumy_label
1,dumy_label
0,dumy_label
1,dumy_label
0,dumy_label
4,dumy_label
2,dumy_label
3,dumy_label
1,dumy_label
5,dumy_label
3,dumy_label
0,dumy_label
1,dumy_label
0,dumy_label
1,dumy_label
0,dumy_label
4,dumy_label
1,dumy_label
4,dumy_label
0,dumy_label
4,dumy_label
1,dumy_label
3,dumy_label
1,dumy_label
0,dumy_label
2,dumy_label
1,dumy_label
1,dumy_label
0,dumy_label
2,dumy_label
0,dumy_label
1,dumy_label
5,dumy_label
3,dumy_label
3,dumy_label
3,dumy_label
3,dumy_label
3,dumy_label
3,dumy_label
0,dumy_label
1,dumy_label
5,dumy_label
5,dumy_label
0,dumy_label
4,dumy_label
3,dumy_label
2,dumy_label
2,dumy_label
3,dumy_label
1,dumy_label
1,dumy_label
0,dumy_label
0,dumy_label
0,dumy_label
0,dumy_label
2,dumy_label
0,dumy_label
0,dumy_label
3,dumy_label
3,dumy_label
2,dumy_label
0,dumy_label
1,dumy_label
4,dumy_label
1,dumy_label
3,dumy_label
1,dumy_label
1,dumy_label
0,dumy_label
4,dumy_label
3,dumy_label
2,dumy_label
0,dumy_label
5,dumy_label
0,dumy_label
0,dumy_label
0,dumy_label
3,dumy_label
3,dumy_label
1,dumy_label
0,dumy_label
4,dumy_label
5,dumy_label
1,dumy_label
3,dumy_label
4,dumy_label
0,dumy_label
1,dumy_label
0,dumy_label
0,dumy_label
0,dumy_label
3,dumy_label
2,dumy_label
0,dumy_label
4,dumy_label
0,dumy_label
3,dumy_label
5,dumy_label
3,dumy_label
4,dumy_label
2,dumy_label
1,dumy_label
4,dumy_label
1,dumy_label
4,dumy_label
4,dumy_label
5,dumy_label
2,dumy_label
4,dumy_label
1,dumy_label
0,dumy_label
2,dumy_label
5,dumy_label
0,dumy_label
3,dumy_label
2,dumy_label
1,dumy_label
0,dumy_label
1,dumy_label
2,dumy_label
1,dumy_label
1,dumy_label
5,dumy_label
1,dumy_label
0,dumy_label
3,dumy_label
0,dumy_label
1,dumy_label
4,dumy_label
5,dumy_label
4,dumy_label
5,dumy_label
5,dumy_label
0,dumy_label
2,dumy_label
1,dumy_label
4,dumy_label
3,dumy_label
4,dumy_label
3,dumy_label
1,dumy_label
0,dumy_label
0,dumy_label
1,dumy_label
2,dumy_label
2,dumy_label
2,dumy_label
4,dumy_label
0,dumy_label
0,dumy_label
3,dumy_label
0,dumy_label
3,dumy_label
0,dumy_label
1,dumy_label
0,dumy_label
0,dumy_label
0,dumy_label
2,dumy_label
4,dumy_label
0,dumy_label
3,dumy_label
2,dumy_label
2,dumy_label
4,dumy_label
1,dumy_label
0,dumy_label
1,dumy_label
3,dumy_label
4,dumy_label
1,dumy_label
0,dumy_label
4,dumy_label
0,dumy_label
4,dumy_label
5,dumy_label
0,dumy_label
0,dumy_label
4,dumy_label
3,dumy_label
1,dumy_label
4,dumy_label
1,dumy_label
1,dumy_label
0,dumy_label
3,dumy_label
0,dumy_label
3,dumy_label
1,dumy_label
1,dumy_label
0,dumy_label
4,dumy_label
2,dumy_label
5,dumy_label
2,dumy_label
3,dumy_label
0,dumy_label
4,dumy_label
2,dumy_label
0,dumy_label
0,dumy_label
4,dumy_label
1,dumy_label
4,dumy_label
4,dumy_label
5,dumy_label
1,dumy_label
1,dumy_label
5,dumy_label
0,dumy_label
3,dumy_label
0,dumy_label
4,dumy_label
4,dumy_label
2,dumy_label
3,dumy_label
0,dumy_label
0,dumy_label
1,dumy_label
5,dumy_label
1,dumy_label
4,dumy_label
0,dumy_label
3,dumy_label
0,dumy_label
1,dumy_label
5,dumy_label
2,dumy_label
4,dumy_label
4,dumy_label
2,dumy_label
4,dumy_label
1,dumy_label
0,dumy_label
3,dumy_label
0,dumy_label
4,dumy_label
2,dumy_label
2,dumy_label
0,dumy_label
3,dumy_label
3,dumy_label
0,dumy_label
3,dumy_label
2,dumy_label
0,dumy_label
3,dumy_label
4,dumy_label
0,dumy_label
2,dumy_label
2,dumy_label
0,dumy_label
5,dumy_label
1,dumy_label
4,dumy_label
5,dumy_label
3,dumy_label
0,dumy_label
3,dumy_label
5,dumy_label
0,dumy_label
1,dumy_label
0,dumy_label
3,dumy_label
0,dumy_label
0,dumy_label
4,dumy_label
0,dumy_label
5,dumy_label
0,dumy_label
2,dumy_label
1,dumy_label
4,dumy_label
1,dumy_label
0,dumy_label
1,dumy_label
1,dumy_label
0,dumy_label
1,dumy_label
0,dumy_label
2,dumy_label
3,dumy_label
3,dumy_label
4,dumy_label
0,dumy_label
4,dumy_label
3,dumy_label
5,dumy_label
1,dumy_label
1,dumy_label
4,dumy_label
0,dumy_label
2,dumy_label
0,dumy_label
1,dumy_label
4,dumy_label
1,dumy_label
1,dumy_label
2,dumy_label
4,dumy_label
3,dumy_label
4,dumy_label
3,dumy_label
0,dumy_label
3,dumy_label
1,dumy_label
3,dumy_label
4,dumy_label
4,dumy_label
2,dumy_label
1,dumy_label
0,dumy_label
3,dumy_label
0,dumy_label
1,dumy_label
0,dumy_label
3,dumy_label
4,dumy_label
4,dumy_label
0,dumy_label
5,dumy_label
3,dumy_label
0,dumy_label
1,dumy_label
0,dumy_label
5,dumy_label
2,dumy_label
0,dumy_label
0,dumy_label
1,dumy_label
0,dumy_label
1,dumy_label
0,dumy_label
0,dumy_label
3,dumy_label
1,dumy_label
1,dumy_label
4,dumy_label
2,dumy_label
0,dumy_label
0,dumy_label
1,dumy_label
0,dumy_label
0,dumy_label
0,dumy_label
0,dumy_label
2,dumy_label
0,dumy_label
4,dumy_label
0,dumy_label
4,dumy_label
1,dumy_label
0,dumy_label
4,dumy_label
3,dumy_label
3,dumy_label
2,dumy_label
0,dumy_label
5,dumy_label
0,dumy_label
5,dumy_label
3,dumy_label
3,dumy_label
3,dumy_label
5,dumy_label
0,dumy_label
3,dumy_label
0,dumy_label
3,dumy_label
0,dumy_label
0,dumy_label
2,dumy_label
4,dumy_label
0,dumy_label
0,dumy_label
3,dumy_label
0,dumy_label
5,dumy_label
4,dumy_label
0,dumy_label
5,dumy_label
2,dumy_label
1,dumy_label
5,dumy_label
1,dumy_label
5,dumy_label
0,dumy_label
4,dumy_label
2,dumy_label
1,dumy_label
4,dumy_label
1,dumy_label
0,dumy_label
5,dumy_label
1,dumy_label
2,dumy_label
4,dumy_label
1,dumy_label
5,dumy_label
5,dumy_label
2,dumy_label
5,dumy_label
1,dumy_label
1,dumy_label
1,dumy_label
0,dumy_label
0,dumy_label
5,dumy_label
0,dumy_label
0,dumy_label
3,dumy_label
0,dumy_label
2,dumy_label
0,dumy_label
2,dumy_label
4,dumy_label
1,dumy_label
4,dumy_label
5,dumy_label
2,dumy_label
0,dumy_label
0,dumy_label
0,dumy_label
3,dumy_label
2,dumy_label
0,dumy_label
4,dumy_label
1,dumy_label
5,dumy_label
0,dumy_label
4,dumy_label
2,dumy_label
0,dumy_label
0,dumy_label
3,dumy_label
5,dumy_label
0,dumy_label
1,dumy_label
1,dumy_label
4,dumy_label
0,dumy_label
0,dumy_label
0,dumy_label
4,dumy_label
5,dumy_label
3,dumy_label
1,dumy_label
4,dumy_label
2,dumy_label
5,dumy_label
1,dumy_label
4,dumy_label
2,dumy_label
0,dumy_label
3,dumy_label
0,dumy_label
1,dumy_label
0,dumy_label
4,dumy_label
1,dumy_label
3,dumy_label
0,dumy_label
0,dumy_label
0,dumy_label
0,dumy_label
1,dumy_label
1,dumy_label
1,dumy_label
0,dumy_label
0,dumy_label
0,dumy_label
4,dumy_label
3,dumy_label
3,dumy_label
3,dumy_label
4,dumy_label
0,dumy_label
4,dumy_label
5,dumy_label
4,dumy_label
1,dumy_label
3,dumy_label
0,dumy_label
1,dumy_label
0,dumy_label
5,dumy_label
3,dumy_label
5,dumy_label
4,dumy_label
4,dumy_label
1,dumy_label
2,dumy_label
4,dumy_label
3,dumy_label
3,dumy_label
3,dumy_label
0,dumy_label
3,dumy_label
0,dumy_label
0,dumy_label
2,dumy_label
0,dumy_label
2,dumy_label
2,dumy_label
5,dumy_label
1,dumy_label
3,dumy_label
0,dumy_label
0,dumy_label
3,dumy_label
3,dumy_label
0,dumy_label
2,dumy_label
1,dumy_label
5,dumy_label
4,dumy_label
4,dumy_label
5,dumy_label
4,dumy_label
4,dumy_label
4,dumy_label
5,dumy_label
1,dumy_label
2,dumy_label
2,dumy_label
1,dumy_label
0,dumy_label
3,dumy_label
1,dumy_label
0,dumy_label
1,dumy_label
1,dumy_label
5,dumy_label
5,dumy_label
3,dumy_label
0,dumy_label
1,dumy_label
0,dumy_label
0,dumy_label
5,dumy_label
5,dumy_label
2,dumy_label
1,dumy_label
2,dumy_label
5,dumy_label
0,dumy_label
0,dumy_label
5,dumy_label
1,dumy_label
3,dumy_label
3,dumy_label
4,dumy_label
4,dumy_label
1,dumy_label
3,dumy_label
0,dumy_label
0,dumy_label
0,dumy_label
0,dumy_label
1,dumy_label
1,dumy_label
1,dumy_label
3,dumy_label
0,dumy_label
1,dumy_label
1,dumy_label
0,dumy_label
3,dumy_label
0,dumy_label
2,dumy_label
5,dumy_label
5,dumy_label
4,dumy_label
1,dumy_label
1,dumy_label
1,dumy_label
1,dumy_label
2,dumy_label
0,dumy_label
0,dumy_label
2,dumy_label
1,dumy_label
0,dumy_label
0,dumy_label
5,dumy_label
4,dumy_label
3,dumy_label
4,dumy_label
4,dumy_label
3,dumy_label
0,dumy_label
3,dumy_label
0,dumy_label
1,dumy_label
5,dumy_label
1,dumy_label
1,dumy_label
1,dumy_label
4,dumy_label
0,dumy_label
1,dumy_label
0,dumy_label
5,dumy_label
0,dumy_label
0,dumy_label
0,dumy_label
3,dumy_label
3,dumy_label
0,dumy_label
3,dumy_label
1,dumy_label
0,dumy_label
0,dumy_label
1,dumy_label
4,dumy_label
3,dumy_label
1,dumy_label
2,dumy_label
4,dumy_label
1,dumy_label
5,dumy_label
2,dumy_label
0,dumy_label
3,dumy_label
4,dumy_label
5,dumy_label
0,dumy_label
3,dumy_label
1,dumy_label
0,dumy_label
0,dumy_label
1,dumy_label
1,dumy_label
4,dumy_label
1,dumy_label
4,dumy_label
3,dumy_label
1,dumy_label
0,dumy_label
5,dumy_label
4,dumy_label
0,dumy_label
3,dumy_label
0,dumy_label
4,dumy_label
5,dumy_label
0,dumy_label
0,dumy_label
3,dumy_label
0,dumy_label
4,dumy_label
1,dumy_label
1,dumy_label
1,dumy_label
4,dumy_label
0,dumy_label
1,dumy_label
4,dumy_label
3,dumy_label
3,dumy_label
1,dumy_label
5,dumy_label
1,dumy_label
0,dumy_label
4,dumy_label
3,dumy_label
5,dumy_label
0,dumy_label
2,dumy_label
1,dumy_label
0,dumy_label
0,dumy_label
5,dumy_label
3,dumy_label
5,dumy_label
1,dumy_label
3,dumy_label
4,dumy_label
3,dumy_label
1,dumy_label
1,dumy_label
4,dumy_label
1,dumy_label
3,dumy_label
2,dumy_label
0,dumy_label
0,dumy_label
2,dumy_label
3,dumy_label
1,dumy_label
0,dumy_label
4,dumy_label
4,dumy_label
5,dumy_label
5,dumy_label
1,dumy_label
0,dumy_label
5,dumy_label
4,dumy_label
4,dumy_label
2,dumy_label
0,dumy_label
0,dumy_label
3,dumy_label
1,dumy_label
0,dumy_label
3,dumy_label
4,dumy_label
4,dumy_label
0,dumy_label
4,dumy_label
2,dumy_label
1,dumy_label
0,dumy_label
3,dumy_label
0,dumy_label
0,dumy_label
4,dumy_label
0,dumy_label
0,dumy_label
0,dumy_label
1,dumy_label
4,dumy_label
5,dumy_label
3,dumy_label
2,dumy_label
4,dumy_label
5,dumy_label
4,dumy_label
2,dumy_label
0,dumy_label
3,dumy_label
0,dumy_label
3,dumy_label
2,dumy_label
2,dumy_label
5,dumy_label
1,dumy_label
2,dumy_label
3,dumy_label
0,dumy_label
4,dumy_label
3,dumy_label
2,dumy_label
3,dumy_label
0,dumy_label
1,dumy_label
0,dumy_label
0,dumy_label
3,dumy_label
4,dumy_label
5,dumy_label
1,dumy_label
3,dumy_label
1,dumy_label
0,dumy_label
5,dumy_label
4,dumy_label
3,dumy_label
4,dumy_label
1,dumy_label
0,dumy_label
3,dumy_label
3,dumy_label
5,dumy_label
1,dumy_label
2,dumy_label
1,dumy_label
0,dumy_label
4,dumy_label
5,dumy_label
0,dumy_label
1,dumy_label
3,dumy_label
0,dumy_label
0,dumy_label
1,dumy_label
2,dumy_label
4,dumy_label
4,dumy_label
1,dumy_label
4,dumy_label
0,dumy_label
1,dumy_label
1,dumy_label
5,dumy_label
0,dumy_label
0,dumy_label
2,dumy_label
0,dumy_label
0,dumy_label
0,dumy_label
4,dumy_label
2,dumy_label
0,dumy_label
0,dumy_label
0,dumy_label
0,dumy_label
2,dumy_label
2,dumy_label
1,dumy_label
0,dumy_label
1,dumy_label
0,dumy_label
1,dumy_label
1,dumy_label
0,dumy_label
3,dumy_label
1,dumy_label
3,dumy_label
1,dumy_label
0,dumy_label
4,dumy_label
1,dumy_label
3,dumy_label
3,dumy_label
4,dumy_label
3,dumy_label
3,dumy_label
3,dumy_label
3,dumy_label
3,dumy_label
0,dumy_label
0,dumy_label
3,dumy_label
2,dumy_label
0,dumy_label
5,dumy_label
3,dumy_label
1,dumy_label
1,dumy_label
0,dumy_label
0,dumy_label
2,dumy_label
0,dumy_label
1,dumy_label
2,dumy_label
0,dumy_label
3,dumy_label
2,dumy_label
1,dumy_label
3,dumy_label
5,dumy_label
2,dumy_label
5,dumy_label
3,dumy_label
2,dumy_label
2,dumy_label
3,dumy_label
4,dumy_label
0,dumy_label
3,dumy_label
1,dumy_label
3,dumy_label
5,dumy_label
1,dumy_label
3,dumy_label
0,dumy_label
0,dumy_label
5,dumy_label
0,dumy_label
0,dumy_label
4,dumy_label
0,dumy_label
0,dumy_label
1,dumy_label
0,dumy_label
0,dumy_label
2,dumy_label
0,dumy_label
0,dumy_label
0,dumy_label
0,dumy_label
1,dumy_label
2,dumy_label
2,dumy_label
4,dumy_label
4,dumy_label
1,dumy_label
5,dumy_label
1,dumy_label
2,dumy_label
4,dumy_label
1,dumy_label
1,dumy_label
5,dumy_label
1,dumy_label
0,dumy_label
3,dumy_label
0,dumy_label
5,dumy_label
2,dumy_label
0,dumy_label
0,dumy_label
0,dumy_label
3,dumy_label
3,dumy_label
1,dumy_label
0,dumy_label
2,dumy_label
1,dumy_label
0,dumy_label
3,dumy_label
1,dumy_label
0,dumy_label
2,dumy_label
2,dumy_label
4,dumy_label
0,dumy_label
3,dumy_label
0,dumy_label
3,dumy_label
0,dumy_label
4,dumy_label
0,dumy_label
2,dumy_label
2,dumy_label
3,dumy_label
2,dumy_label
4,dumy_label
2,dumy_label
1,dumy_label
4,dumy_label
1,dumy_label
2,dumy_label
0,dumy_label
0,dumy_label
5,dumy_label
5,dumy_label
0,dumy_label
1,dumy_label
4,dumy_label
4,dumy_label
1,dumy_label
4,dumy_label
0,dumy_label
1,dumy_label
0,dumy_label
2,dumy_label
0,dumy_label
5,dumy_label
4,dumy_label
0,dumy_label
1,dumy_label
4,dumy_label
5,dumy_label
4,dumy_label
1,dumy_label
1,dumy_label
2,dumy_label
0,dumy_label
3,dumy_label
4,dumy_label
0,dumy_label
2,dumy_label
0,dumy_label
3,dumy_label
3,dumy_label
1,dumy_label
4,dumy_label
3,dumy_label
4,dumy_label
1,dumy_label
1,dumy_label
3,dumy_label
5,dumy_label
1,dumy_label
5,dumy_label
1,dumy_label
3,dumy_label
1,dumy_label
1,dumy_label
5,dumy_label
1,dumy_label
2,dumy_label
1,dumy_label
3,dumy_label
0,dumy_label
1,dumy_label
5,dumy_label
0,dumy_label
0,dumy_label
0,dumy_label
0,dumy_label
3,dumy_label
1,dumy_label
1,dumy_label
0,dumy_label
1,dumy_label
0,dumy_label
5,dumy_label
0,dumy_label
0,dumy_label
4,dumy_label
5,dumy_label
4,dumy_label
2,dumy_label
4,dumy_label
4,dumy_label
1,dumy_label
4,dumy_label
5,dumy_label
1,dumy_label
4,dumy_label
1,dumy_label
4,dumy_label
4,dumy_label
1,dumy_label
2,dumy_label
5,dumy_label
0,dumy_label
0,dumy_label
0,dumy_label
5,dumy_label
1,dumy_label
3,dumy_label
0,dumy_label
5,dumy_label
1,dumy_label
0,dumy_label
0,dumy_label
1,dumy_label
3,dumy_label
1,dumy_label
0,dumy_label
4,dumy_label
2,dumy_label
2,dumy_label
1,dumy_label
0,dumy_label
0,dumy_label
1,dumy_label
5,dumy_label
1,dumy_label
3,dumy_label
0,dumy_label
5,dumy_label
4,dumy_label
2,dumy_label
1,dumy_label
1,dumy_label
1,dumy_label
1,dumy_label
1,dumy_label
0,dumy_label
0,dumy_label
0,dumy_label
0,dumy_label
1,dumy_label
4,dumy_label
3,dumy_label
2,dumy_label
1,dumy_label
0,dumy_label
1,dumy_label
4,dumy_label
1,dumy_label
1,dumy_label
0,dumy_label
3,dumy_label
4,dumy_label
0,dumy_label
0,dumy_label
1,dumy_label
0,dumy_label
0,dumy_label
3,dumy_label
0,dumy_label
2,dumy_label
4,dumy_label
3,dumy_label
3,dumy_label
2,dumy_label
2,dumy_label
3,dumy_label
3,dumy_label
0,dumy_label
3,dumy_label
0,dumy_label
3,dumy_label
1,dumy_label
4,dumy_label
4,dumy_label
1,dumy_label
0,dumy_label
4,dumy_label
3,dumy_label
4,dumy_label
1,dumy_label
4,dumy_label
2,dumy_label
3,dumy_label
4,dumy_label
0,dumy_label
4,dumy_label
1,dumy_label
3,dumy_label
1,dumy_label
0,dumy_label
4,dumy_label
3,dumy_label
3,dumy_label
4,dumy_label
5,dumy_label
0,dumy_label
0,dumy_label
5,dumy_label
4,dumy_label
0,dumy_label
2,dumy_label
0,dumy_label
4,dumy_label
0,dumy_label
3,dumy_label
4,dumy_label
0,dumy_label
1,dumy_label
4,dumy_label
0,dumy_label
4,dumy_label
1,dumy_label
1,dumy_label
